bits,operation,iterations,total_ms,avg_ms,ops_per_sec
4096,keygen,1,397.754333,397.754333,2.514115
4096,encrypt,200,15.919897,0.079599,12562.895350
4096,decrypt,50,300.686536,6.013731,166.286129
