bits,operation,iterations,total_ms,avg_ms,ops_per_sec
3072,keygen,1,139.803279,139.803279,7.152908
3072,encrypt,200,12.480937,0.062405,16024.437909
3072,decrypt,50,212.100808,4.242016,235.736961
