bits,operation,iterations,total_ms,avg_ms,ops_per_sec
3072,keygen,1,229.645361,229.645361,4.354540
3072,encrypt,200,12.981658,0.064908,15406.352563
3072,decrypt,50,213.319663,4.266393,234.390020
